{
  "route1": [
    {
      "0": {
        "rotation": 28.683,
        "x": -210.21,
        "y": 50.68175,
        "z": 184.75
      },
      "1": {
        "rotation": 38.48,
        "x": -215.4,
        "y": 50.68175,
        "z": 176
      },
      "2": {
        "rotation": 38.48,
        "x": -225.8,
        "y": 50.68175,
        "z": 162.9
      },
      "3": {
        "rotation": 60.204,
        "x": -231.0906,
        "y": 50.68175,
        "z": 158.2411
      },
      "4": {
        "rotation": 84.37701,
        "x": -237.09,
        "y": 50.68175,
        "z": 156.19
      },
      "5": {
        "rotation": 84.37701,
        "x": -264.6,
        "y": 50.68175,
        "z": 153.5
      },
      "6": {
        "rotation": 59.076,
        "x": -270.8986,
        "y": 50.68175,
        "z": 152.3975
      },
	  "7": {
        "rotation": 47.434,
        "x": -276.55,
        "y": 50.68175,
        "z": 148.06
      },
	  "8": {
        "rotation": 47.434,
        "x": -300.8,
        "y": 50.68175,
        "z": 125.8
      },
	  "9": {
        "rotation": 60.283,
        "x": -308.9,
        "y": 50.68175,
        "z": 119.8
      },
	  "10": {
        "rotation": 60.283,
        "x": -401,
        "y": 50.68175,
        "z": 67.3
      }
    }
  ],
  "route2": [
    {
      "0": {
        "rotation": 143.755,
        "x": 151.5084,
        "y": 50.03,
        "z": -689.9953
      },
      "1": {
        "rotation": 97.137,
        "x": 146.86,
        "y": 50.03,
        "z": -688.95
      },
	  "2": {
        "rotation": 51.474,
        "x": 141.8065,
        "y": 50.03,
        "z": -691.3347
      },
	  "3": {
        "rotation": 51.474,
        "x": 11.06,
        "y": 50.03,
        "z": -790.59
      },
	  "4": {
        "rotation": 30.628,
        "x": 8.21,
        "y": 50.03,
        "z": -794.01
      },
	  "5": {
        "rotation": 30.628,
        "x": -3.3,
        "y": 50.03,
        "z": -813.8
      },
	  "8": {
        "rotation": 53.42,
        "x": -6.8,
        "y": 50.03,
        "z": -817.7
      },
	  "7": {
        "rotation": 53.42,
        "x": -76.6,
        "y": 50.03,
        "z": -869.5
      }
    }
  ],
  "route3": [
    {
      "0": {
        "rotation": -33.739,
        "x": -51.8,
        "y": 50.05,
        "z": -610.6
      }
    }
  ],
	"route4": [
    {
      "0": {
        "rotation": -36.027,
        "x": 589.4,
        "y": 50.118,
        "z": -775.4
      },
	  "1": {
        "rotation": -67.686,
        "x": 593,
        "y": 50.118,
        "z": -776.6
      },
	  "2": {
        "rotation": -67.686,
        "x": 645.2,
        "y": 50.118,
        "z": -798
      },
	  "3": {
        "rotation": -34.654,
        "x": 645.637,
        "y": 50.118,
        "z": -798.633
      },
	  "4": {
        "rotation": -34.654,
        "x": 658.03,
        "y": 50.118,
        "z": -816.54
      }
    }
  ]
}